key,name,age,term
9573,John Doe,28,2
8431,Alice Smith,34,4
1035,Bob Johnson,22,1
6749,Maria Garcia,45,6
2984,James Brown,29,2
5763,Emily Davis,38,3
1259,Michael Miller,21,1
7230,Emma Wilson,50,7
9914,David Moore,33,4
4327,Sophia Taylor,27,2
8392,Daniel Anderson,42,5
1147,Olivia Thomas,31,3
6654,Matthew Lee,25,1
2840,Chloe Harris,39,6
9826,Anthony Clark,44,7
5748,Ava Walker,26,2
6549,Christopher Hall,23,1
2941,Sarah Young,35,3
4816,Ethan Scott,32,4
9075,Isabella Adams,36,6
3087,Jacob Hill,28,2
6164,Mason Baker,29,2
2395,Mia Nelson,30,3
5910,Liam Carter,41,6
8294,Amelia Mitchell,22,1
2648,Logan Perez,24,1
8351,Ella Roberts,37,4
1847,Lucas Turner,45,7
9371,Grace Phillips,48,5
1732,Charlotte Evans,40,6
6519,Henry Stewart,27,2
3498,Samuel Collins,23,1
9725,Avery Sanchez,38,6
7163,Levi Morris,34,5
1802,Evelyn Rogers,26,2
5237,Sebastian Reed,31,3
6472,Zoe Cook,49,7
1053,Alexander Bell,33,4
8006,Harper Kelly,25,1
4917,Jack Ward,28,2
2384,Scarlett Brooks,50,7
7849,Jackson Bennett,29,2
5941,Ella Cox,31,3
6782,Benjamin Diaz,22,1
1435,Emily Patterson,45,6
8296,Oliver Howard,38,4
9213,Lily Price,34,3
7621,Victoria King,27,2
3875,Carter Wright,23,1
5184,Luke Bryant,44,6
9516,Aurora Bailey,29,3
7349,Hunter Russell,25,1
1254,Zoe Hughes,36,5
6032,Ryan Foster,33,4
2819,Hannah Richardson,21,1
5297,Grayson Simmons,31,3
3187,Madison Griffin,46,6
5932,Joshua Butler,37,4
1452,Chloe Bennett,22,1
7629,Elijah Powell,50,7
2950,Maya Barnes,35,5
4671,James Edwards,40,6
3147,Sophia Flores,28,2
7624,Charlotte Perry,38,4
1675,Evelyn Coleman,23,1
1928,Daniel Bailey,29,2
8204,Aiden Ramirez,24,1
1036,Scarlett Bell,33,5
4913,Caleb Murphy,31,3
3714,Sofia Cooper,25,1
6948,Henry Jenkins,27,2
5832,Aubrey Lewis,48,7
4293,Ellie Rogers,22,1
9507,Isaac Cook,30,3
8261,William Adams,39,6
3405,Samantha Parker,26,2
6295,Lucas Myers,34,4
7319,Nora Peterson,44,6
3027,Leah Roberts,24,1
7149,Landon James,23,1
5178,Layla Ward,45,7
8705,Dylan Green,27,2
3621,Zoe Gray,30,3
4209,Caleb Patterson,50,7
2581,Jack Campbell,33,5
7053,Isla Collins,25,1
9482,Ryan Sanders,28,2
8306,Emily Morris,35,5
1904,Levi Bailey,29,3
1049,Grace Lopez,31,3
9635,Michael Perry,42,6
7625,Lily Bryant,22,1
